id,first_name,last_name,email,gender,ip_address
1,Randie,Caret,rcaret0@123-reg.co.uk,Male,248.164.96.108
2,Ogdan,Adshed,oadshed1@shutterfly.com,Male,159.24.39.104
3,Florian,Dilliway,fdilliway2@abc.net.au,Male,179.89.56.230
4,Malvina,Rops,mrops3@woothemes.com,Genderqueer,66.6.202.169
5,Alard,Kobierski,akobierski4@youtu.be,Male,160.242.181.53
6,Lisle,Housegoe,lhousegoe5@mapquest.com,Agender,227.210.155.5
7,Demetris,Ashburne,dashburne6@cnbc.com,Male,63.208.67.89
8,Caitlin,Ralph,cralph7@gnu.org,Female,195.27.95.55
9,Caria,Daveley,cdaveley8@ycombinator.com,Female,1.213.34.126
10,Felipa,Duffet,fduffet9@webeden.co.uk,Female,150.65.102.147
11,Gardener,Peatt,gpeatta@w3.org,Agender,51.123.32.119
12,Timmie,Gladdin,tgladdinb@topsy.com,Male,40.220.139.249
13,Caron,Harder,charderc@bbc.co.uk,Female,191.60.79.59
14,Burke,Pates,bpatesd@soup.io,Male,23.188.113.54
15,Betty,Trouel,btrouele@google.co.uk,Female,173.199.63.82
16,Grethel,Sturney,gsturneyf@github.com,Female,184.236.243.29
17,Collen,Coverdill,ccoverdillg@usda.gov,Female,108.167.150.177
18,Selina,Demetr,sdemetrh@dedecms.com,Female,3.65.22.94
19,Bryan,Sobczak,bsobczaki@ebay.co.uk,Male,160.48.249.22
20,Adolf,Wherton,awhertonj@sciencedaily.com,Male,175.201.150.9
21,Dannye,Jantzen,djantzenk@ox.ac.uk,Female,17.105.89.173
22,Toinette,Dudmesh,tdudmeshl@imdb.com,Female,8.1.120.163
23,Maridel,Catenot,mcatenotm@cbsnews.com,Female,94.206.104.100
24,Mable,Duplan,mduplann@woothemes.com,Female,180.214.73.212
25,Carola,Rableau,crableauo@noaa.gov,Female,242.62.133.94
26,Bekki,Deesly,bdeeslyp@trellian.com,Female,110.216.30.116
27,Maureene,Englishby,menglishbyq@toplist.cz,Agender,54.225.72.239
28,Lucio,Willeman,lwillemanr@last.fm,Male,94.21.87.234
29,Nicolle,Aberdalgy,naberdalgys@businessweek.com,Female,222.20.86.15
30,Gillan,Saice,gsaicet@cbc.ca,Polygender,233.69.36.175
31,Torie,Hardi,thardiu@forbes.com,Female,197.91.58.59
32,Harman,Creagh,hcreaghv@alibaba.com,Male,225.209.151.49
33,Chiquia,Padfield,cpadfieldw@google.es,Female,205.9.126.132
34,Gayle,Attewell,gattewellx@weather.com,Agender,182.50.101.117
35,Erin,Hark,eharky@bloglovin.com,Female,132.161.92.175
36,Silvio,Shevill,sshevillz@blog.com,Male,26.240.175.110
37,Kaia,Jindra,kjindra10@a8.net,Female,171.166.213.50
38,Hilarius,Percival,hpercival11@census.gov,Male,169.162.176.249
39,Gaylord,Millam,gmillam12@princeton.edu,Non-binary,103.215.128.211
40,Anastasie,Korda,akorda13@ifeng.com,Female,101.152.155.2
41,Talbert,Ofen,tofen14@dot.gov,Male,148.88.128.157
42,Thornton,Chrestien,tchrestien15@abc.net.au,Male,40.231.241.165
43,Karlie,Crolly,kcrolly16@constantcontact.com,Female,195.37.44.238
44,Hermann,Powelee,hpowelee17@accuweather.com,Genderqueer,46.45.9.179
45,Marius,Igglesden,migglesden18@sakura.ne.jp,Male,113.235.164.4
46,Francis,MacTavish,fmactavish19@auda.org.au,Male,101.218.106.173
47,Madelene,Dun,mdun1a@yandex.ru,Female,202.117.152.140
48,Nickie,Rosenzveig,nrosenzveig1b@china.com.cn,Female,94.58.219.48
49,Jewel,Blaiklock,jblaiklock1c@vk.com,Female,89.75.31.89
50,Lynda,Waplinton,lwaplinton1d@photobucket.com,Female,52.240.169.44
51,Doralynn,Paxman,dpaxman1e@ted.com,Genderfluid,24.213.51.207
52,Trescha,Varga,tvarga1f@nytimes.com,Female,121.236.236.19
53,Bay,Juliano,bjuliano1g@feedburner.com,Male,74.10.100.239
54,Loretta,Spieght,lspieght1h@engadget.com,Female,211.125.106.196
55,Othello,Antoniat,oantoniat1i@nsw.gov.au,Male,150.174.97.250
56,Sergei,Bibbie,sbibbie1j@va.gov,Male,15.86.12.157
57,Ferdinand,Challes,fchalles1k@diigo.com,Male,211.123.73.88
58,Tobe,Verheyden,tverheyden1l@acquirethisname.com,Female,106.43.96.132
59,Ansel,Dowman,adowman1m@free.fr,Male,253.62.88.128
60,Saleem,Ginley,sginley1n@bizjournals.com,Male,231.197.237.149
61,Beth,Aronin,baronin1o@tripadvisor.com,Female,226.70.14.238
62,Wylie,Pregel,wpregel1p@vinaora.com,Male,209.5.129.135
63,Bram,Thirsk,bthirsk1q@aboutads.info,Male,44.150.112.60
64,Adara,Linkin,alinkin1r@multiply.com,Female,190.141.234.160
65,Titus,Penrose,tpenrose1s@naver.com,Male,150.72.168.76
66,Benton,Dimitrijevic,bdimitrijevic1t@cisco.com,Male,139.30.61.122
67,Delaney,O'Hagerty,dohagerty1u@fotki.com,Male,90.205.114.78
68,Kevina,Netherwood,knetherwood1v@twitpic.com,Female,58.17.29.70
69,Cazzie,Snedker,csnedker1w@networksolutions.com,Male,177.203.131.97
70,Worth,Grissett,wgrissett1x@wikipedia.org,Male,234.161.190.47
71,Caritta,Degli Abbati,cdegliabbati1y@cnn.com,Female,49.51.90.20
72,Georgi,Sussems,gsussems1z@nps.gov,Male,58.141.65.10
73,Rodolphe,Blaik,rblaik20@jigsy.com,Male,142.162.250.137
74,Doug,Clurow,dclurow21@xing.com,Male,144.88.214.124
75,Trstram,Orpen,torpen22@constantcontact.com,Male,23.141.223.249
76,Traver,McSweeney,tmcsweeney23@joomla.org,Male,198.136.91.148
77,Ivonne,Moodycliffe,imoodycliffe24@slideshare.net,Female,222.35.245.236
78,Thom,Picheford,tpicheford25@reddit.com,Male,152.113.161.16
79,Casandra,Steggals,csteggals26@europa.eu,Female,92.4.130.80
80,Neal,Ronnay,nronnay27@blogger.com,Male,44.196.242.7
81,Hendrika,Danilyuk,hdanilyuk28@delicious.com,Female,215.42.159.242
82,Prudi,Molian,pmolian29@ustream.tv,Female,187.43.20.32
83,Allyce,O'Fearguise,aofearguise2a@devhub.com,Female,223.138.9.203
84,Denny,Keates,dkeates2b@t.co,Female,247.104.59.185
85,Emory,Flageul,eflageul2c@nps.gov,Male,215.83.164.194
86,Wald,Josum,wjosum2d@twitter.com,Male,127.79.171.13
87,Vere,Licciardo,vlicciardo2e@vimeo.com,Female,60.124.47.97
88,Vonnie,Sizland,vsizland2f@sogou.com,Female,205.2.32.243
89,Aldrich,Roskelley,aroskelley2g@angelfire.com,Male,175.198.155.80
90,Jone,Pantling,jpantling2h@eventbrite.com,Male,21.73.139.243
91,Mari,Vigneron,mvigneron2i@feedburner.com,Female,95.176.83.52
92,Lyssa,Messager,lmessager2j@abc.net.au,Female,165.218.140.119
93,Cal,Tasseler,ctasseler2k@over-blog.com,Male,191.252.178.177
94,Rey,Gladbeck,rgladbeck2l@comcast.net,Genderfluid,147.1.132.46
95,Skip,Goodere,sgoodere2m@meetup.com,Male,191.22.118.243
96,Meredith,Trueman,mtrueman2n@japanpost.jp,Male,19.139.17.211
97,Mead,Bennitt,mbennitt2o@jiathis.com,Male,96.114.3.50
98,Robinson,Mynott,rmynott2p@youku.com,Male,173.81.165.77
99,Baird,Ridder,bridder2q@fda.gov,Male,22.245.32.123
100,Aldridge,Balsdon,abalsdon2r@domainmarket.com,Male,246.137.163.82
101,Kinny,Fenn,kfenn2s@independent.co.uk,Male,108.138.176.175
102,Kiley,Stonhouse,kstonhouse2t@deviantart.com,Female,176.6.33.222
103,Seymour,Di Bartolomeo,sdibartolomeo2u@loc.gov,Male,138.248.107.118
104,Colet,Moens,cmoens2v@free.fr,Male,253.17.224.86
105,Janetta,Pearlman,jpearlman2w@springer.com,Female,141.59.126.25
106,Suzi,Gerrey,sgerrey2x@dyndns.org,Non-binary,171.129.119.202
107,Inglis,Kellitt,ikellitt2y@about.me,Male,73.229.27.248
108,Christiano,Dwerryhouse,cdwerryhouse2z@xinhuanet.com,Male,202.84.158.146
109,Cori,Bellingham,cbellingham30@aboutads.info,Female,9.244.11.216
110,Frankie,Malt,fmalt31@google.de,Female,57.219.57.42
111,Joyous,Jindrak,jjindrak32@cbsnews.com,Female,188.89.19.208
112,Hubey,Wingate,hwingate33@slate.com,Male,3.64.186.2
113,Stu,Dykas,sdykas34@ibm.com,Male,234.161.176.242
114,Lorelle,Derricoat,lderricoat35@wisc.edu,Agender,120.249.247.225
115,Jobey,Whiff,jwhiff36@dropbox.com,Female,65.205.147.89
116,Cathy,Justis,cjustis37@elpais.com,Bigender,128.111.176.163
117,Avrit,Scudder,ascudder38@ftc.gov,Female,70.37.17.253
118,Celestina,Philippson,cphilippson39@ning.com,Female,201.173.48.8
119,Clive,Hawking,chawking3a@latimes.com,Male,148.125.255.229
120,Lu,Janauschek,ljanauschek3b@imdb.com,Female,174.174.50.192
121,Kerwinn,Hoyles,khoyles3c@rakuten.co.jp,Male,142.22.179.191
122,Carr,Risson,crisson3d@sfgate.com,Male,191.16.202.91
123,Dix,Ensley,densley3e@wsj.com,Female,208.191.208.190
124,Charlean,Trethowan,ctrethowan3f@census.gov,Polygender,28.27.134.177
125,Truman,Christiensen,tchristiensen3g@epa.gov,Male,175.29.74.22
126,Britta,Cowhig,bcowhig3h@prweb.com,Female,16.40.200.154
127,Emyle,Peele,epeele3i@newsvine.com,Female,82.13.210.6
128,Hillary,de'-Ancy Willis,hdeancywillis3j@barnesandnoble.com,Male,188.201.74.58
129,Hertha,Culshaw,hculshaw3k@google.com.br,Female,133.28.89.36
130,Jaime,Camplin,jcamplin3l@upenn.edu,Male,46.158.134.125
131,Iolanthe,Sango,isango3m@bloomberg.com,Female,166.170.24.125
132,Adlai,Bromwich,abromwich3n@reverbnation.com,Male,45.14.43.16
133,Giraud,Maplestone,gmaplestone3o@unicef.org,Bigender,63.52.10.33
134,Jocelyne,McGuigan,jmcguigan3p@creativecommons.org,Bigender,46.14.19.83
135,Rahal,Djurisic,rdjurisic3q@archive.org,Female,18.129.79.55
136,Rutter,Lickorish,rlickorish3r@harvard.edu,Male,111.253.202.193
137,Henrieta,Pickersgill,hpickersgill3s@friendfeed.com,Polygender,115.106.75.232
138,Tomi,Corck,tcorck3t@usnews.com,Female,169.48.57.170
139,Ophelie,FitzGibbon,ofitzgibbon3u@businessinsider.com,Female,167.62.5.94
140,Bernadene,Mucklestone,bmucklestone3v@paginegialle.it,Female,44.131.102.177
141,Gasparo,Tamas,gtamas3w@ning.com,Male,162.128.200.19
142,Cointon,Schroter,cschroter3x@histats.com,Male,114.253.64.193
143,Delilah,Sunock,dsunock3y@mozilla.org,Female,185.97.195.46
144,Laryssa,Godar,lgodar3z@youku.com,Female,90.70.11.70
145,Thomasine,Chrishop,tchrishop40@cyberchimps.com,Female,240.42.53.72
146,Mac,Caulier,mcaulier41@xinhuanet.com,Male,50.230.138.80
147,Jarrad,Bartrop,jbartrop42@weather.com,Non-binary,104.81.175.63
148,Maryrose,McDavitt,mmcdavitt43@xinhuanet.com,Female,172.214.176.168
149,Donni,Cranna,dcranna44@admin.ch,Female,24.152.220.215
150,Alair,Pideon,apideon45@amazonaws.com,Male,234.148.189.18
151,Caryn,Thominga,cthominga46@java.com,Female,116.49.53.142
152,Tyler,Kemme,tkemme47@opensource.org,Male,252.60.240.30
153,Jada,Stonall,jstonall48@google.cn,Female,236.202.25.40
154,Aland,Salters,asalters49@blogtalkradio.com,Male,0.225.13.91
155,Christie,Sonley,csonley4a@infoseek.co.jp,Male,180.213.140.186
156,Devora,Callacher,dcallacher4b@dyndns.org,Female,22.7.7.158
157,Meggi,Creavan,mcreavan4c@bloglovin.com,Female,227.56.41.206
158,Lorenzo,Jellis,ljellis4d@cafepress.com,Male,47.95.204.60
159,Aleksandr,Rysom,arysom4e@opera.com,Male,100.173.83.198
160,Sandor,Krelle,skrelle4f@un.org,Male,122.19.1.85
161,Olvan,de Villier,odevillier4g@blog.com,Male,73.3.74.216
162,Louella,Rosengren,lrosengren4h@ustream.tv,Female,226.135.255.46
163,Jenelle,Ragg,jragg4i@prlog.org,Female,108.101.20.191
164,Hersh,Filasov,hfilasov4j@economist.com,Male,173.27.56.170
165,Dniren,Clunan,dclunan4k@51.la,Female,211.157.112.152
166,Connor,McKenney,cmckenney4l@slideshare.net,Male,5.53.43.50
167,Penrod,Pengelley,ppengelley4m@acquirethisname.com,Male,130.131.0.84
168,Jarret,Ortzen,jortzen4n@wix.com,Polygender,89.6.6.225
169,Abeu,Crowder,acrowder4o@hud.gov,Male,219.198.83.54
170,Dulce,Klulik,dklulik4p@behance.net,Genderfluid,226.212.253.71
171,Brady,Vedeniktov,bvedeniktov4q@bing.com,Male,154.223.255.80
172,Olivier,Guillford,oguillford4r@bravesites.com,Male,90.211.104.156
173,Claudell,Angric,cangric4s@yahoo.com,Male,73.149.117.156
174,Sara-ann,Senescall,ssenescall4t@bloglines.com,Female,6.145.25.150
175,Maximilian,Chaimson,mchaimson4u@delicious.com,Male,7.10.115.137
176,Danila,Zavattari,dzavattari4v@kickstarter.com,Female,250.50.68.144
177,Morganica,Kowalik,mkowalik4w@amazon.de,Female,7.25.109.158
178,John,Badwick,jbadwick4x@mtv.com,Male,0.137.180.135
179,Hussein,Wyche,hwyche4y@ted.com,Male,148.167.193.211
180,Arlena,Syrie,asyrie4z@ifeng.com,Female,104.83.39.21
181,Andromache,Trusse,atrusse50@accuweather.com,Bigender,97.32.245.178
182,Vic,Niezen,vniezen51@naver.com,Male,97.245.48.153
183,Jacklin,Ivett,jivett52@blogtalkradio.com,Female,147.145.72.214
184,Adham,Rendall,arendall53@goo.ne.jp,Genderqueer,36.0.86.86
185,Jorie,Collinge,jcollinge54@time.com,Female,25.25.159.121
186,Brok,Emanuelov,bemanuelov55@foxnews.com,Male,206.71.68.10
187,Nancy,Kleeman,nkleeman56@cnbc.com,Female,70.122.81.191
188,Mureil,Bench,mbench57@mail.ru,Female,183.25.15.158
189,Georgeta,Fallen,gfallen58@slashdot.org,Female,194.26.59.248
190,Dorthy,Reilly,dreilly59@nasa.gov,Female,220.218.108.90
191,Ossie,Iglesias,oiglesias5a@drupal.org,Male,174.243.201.205
192,Malory,Wellesley,mwellesley5b@furl.net,Female,235.142.78.93
193,Emery,Alebrooke,ealebrooke5c@joomla.org,Male,226.121.238.213
194,Cathyleen,Garm,cgarm5d@addthis.com,Female,155.153.109.124
195,Iolanthe,Gronous,igronous5e@delicious.com,Genderqueer,77.23.191.17
196,Geoff,Banaszewski,gbanaszewski5f@last.fm,Male,207.34.25.213
197,Wayland,Orgee,worgee5g@lulu.com,Male,80.153.211.164
198,Tara,Salomon,tsalomon5h@networkadvertising.org,Female,163.39.147.93
199,Dino,Coen,dcoen5i@tiny.cc,Genderfluid,191.78.163.53
200,Kylynn,Tommasetti,ktommasetti5j@berkeley.edu,Genderfluid,234.188.19.226
201,Stevy,Blaisdell,sblaisdell5k@timesonline.co.uk,Male,22.52.227.148
202,Glenn,Rollings,grollings5l@myspace.com,Female,169.83.142.51
203,Ettore,Tankard,etankard5m@bloomberg.com,Male,191.185.215.140
204,Stephine,Scarf,sscarf5n@vinaora.com,Female,136.251.217.176
205,Shalne,Puttnam,sputtnam5o@arstechnica.com,Female,98.106.80.238
206,Dennison,Stormes,dstormes5p@ucla.edu,Male,49.225.147.66
207,Taber,Grisedale,tgrisedale5q@cnbc.com,Male,24.137.147.101
208,Lorine,Cassell,lcassell5r@businessinsider.com,Female,39.169.232.127
209,Hillie,Beachem,hbeachem5s@sciencedirect.com,Male,82.122.156.18
210,Ellene,Koschke,ekoschke5t@seattletimes.com,Female,157.71.61.125
211,Alyosha,Braybrooke,abraybrooke5u@tinyurl.com,Male,147.208.233.108
212,Cliff,Sturney,csturney5v@cocolog-nifty.com,Male,7.169.141.105
213,Lind,Ganforth,lganforth5w@cpanel.net,Male,204.105.172.237
214,Sabra,Hugill,shugill5x@mapquest.com,Female,202.67.31.133
215,Reginald,Stiff,rstiff5y@va.gov,Male,131.103.60.124
216,Jarvis,Pattington,jpattington5z@pbs.org,Male,211.201.168.192
217,Teador,Mathen,tmathen60@ed.gov,Male,47.31.83.29
218,Cesya,Mark,cmark61@bluehost.com,Female,19.64.10.130
219,Laurens,Tapner,ltapner62@nytimes.com,Male,188.131.27.204
220,Odelia,Tovey,otovey63@amazon.co.jp,Female,194.205.83.99
221,Leigh,Ricciardi,lricciardi64@ustream.tv,Female,127.247.23.198
222,Clemente,Chang,cchang65@bloomberg.com,Male,14.108.232.70
223,Agnesse,Lapham,alapham66@cocolog-nifty.com,Female,9.189.143.167
224,Bentlee,Kesby,bkesby67@japanpost.jp,Male,117.145.104.211
225,Holly-anne,Nannini,hnannini68@pbs.org,Female,12.89.254.193
226,Winnie,Graeser,wgraeser69@networksolutions.com,Male,173.5.176.76
227,Lesly,MacGragh,lmacgragh6a@google.pl,Female,25.167.15.54
228,Elene,MacFadden,emacfadden6b@hud.gov,Female,200.189.225.111
229,Averell,Loads,aloads6c@fema.gov,Male,211.152.136.27
230,Linnie,Linacre,llinacre6d@fotki.com,Female,164.27.157.83
231,Lucas,Bonafant,lbonafant6e@nationalgeographic.com,Male,90.16.36.70
232,Liva,Girvan,lgirvan6f@irs.gov,Female,153.65.153.6
233,Jackie,Postans,jpostans6g@scribd.com,Male,140.15.54.104
234,Andrei,Gaddas,agaddas6h@umn.edu,Female,192.204.235.33
235,Gayel,Eddie,geddie6i@tuttocitta.it,Female,49.50.10.66
236,Karin,Loxston,kloxston6j@bluehost.com,Female,107.25.77.7
237,Ansell,Luxen,aluxen6k@europa.eu,Male,63.25.69.174
238,Johnnie,Corby,jcorby6l@gnu.org,Male,139.217.190.62
239,Marsh,O'Boyle,moboyle6m@npr.org,Male,154.66.86.244
240,Addison,Aldcorn,aaldcorn6n@ucsd.edu,Male,231.197.103.135
241,Griffin,Beldham,gbeldham6o@pen.io,Male,196.134.231.10
242,Dora,Stanney,dstanney6p@geocities.com,Female,229.244.136.141
243,Ronald,Challicombe,rchallicombe6q@slate.com,Male,207.227.219.208
244,Dewey,Naerup,dnaerup6r@wired.com,Male,3.246.110.201
245,Shaw,Riccardo,sriccardo6s@oracle.com,Male,147.96.78.251
246,Joscelin,Maltman,jmaltman6t@mlb.com,Female,1.9.39.58
247,Zandra,Lemmers,zlemmers6u@umich.edu,Female,187.57.255.107
248,Sutton,Clemo,sclemo6v@indiatimes.com,Male,201.81.112.178
249,Kalvin,Djekic,kdjekic6w@icio.us,Male,201.231.159.110
250,Stu,Bosworth,sbosworth6x@bbc.co.uk,Male,209.64.181.243
251,Rorke,Dunniom,rdunniom6y@jiathis.com,Male,42.7.45.126
252,Lion,Ollerton,lollerton6z@360.cn,Male,58.201.110.153
253,Brien,Bowland,bbowland70@soundcloud.com,Male,7.86.154.222
254,Dael,Cavie,dcavie71@devhub.com,Male,207.76.103.192
255,Sherlock,Titherington,stitherington72@yahoo.com,Male,82.185.123.171
256,Valry,Elcoat,velcoat73@shop-pro.jp,Female,220.87.216.185
257,Dulce,Partlett,dpartlett74@house.gov,Female,216.112.181.211
258,Konstantin,Retallick,kretallick75@ycombinator.com,Male,251.148.88.143
259,George,Feathersby,gfeathersby76@slashdot.org,Genderfluid,88.212.80.125
260,Ches,Levicount,clevicount77@reverbnation.com,Male,237.166.188.184
261,Karia,Rosenstiel,krosenstiel78@amazon.de,Female,56.151.137.114
262,Alfonso,Burkinshaw,aburkinshaw79@over-blog.com,Male,77.135.74.36
263,Pauline,Vedenyapin,pvedenyapin7a@meetup.com,Female,141.144.175.145
264,Herve,Mannie,hmannie7b@army.mil,Male,226.10.99.128
265,Alyssa,Hercules,ahercules7c@cmu.edu,Female,96.106.93.145
266,Kristoforo,Fraanchyonok,kfraanchyonok7d@tripod.com,Male,6.140.62.89
267,Ashton,Poulter,apoulter7e@globo.com,Male,86.153.105.79
268,Skipper,Oseman,soseman7f@pen.io,Male,116.188.0.226
269,Elinor,Minogue,eminogue7g@bluehost.com,Female,184.48.101.8
270,Ernestus,Harries,eharries7h@npr.org,Male,58.68.13.53
271,Coral,O' Faherty,cofaherty7i@webnode.com,Female,111.182.37.60
272,Caren,Barreau,cbarreau7j@weibo.com,Female,198.24.211.25
273,Joannes,Yellowlee,jyellowlee7k@comcast.net,Female,155.163.9.42
274,Dorothea,Pimblotte,dpimblotte7l@tripod.com,Female,52.120.60.164
275,Doe,Barthel,dbarthel7m@howstuffworks.com,Female,39.51.207.172
276,Editha,Stanbridge,estanbridge7n@chicagotribune.com,Female,71.224.181.190
277,Evin,Lashley,elashley7o@nhs.uk,Male,131.97.133.213
278,Elnar,Vasiliev,evasiliev7p@themeforest.net,Male,193.53.236.127
279,Flore,Oxley,foxley7q@noaa.gov,Female,231.41.21.156
280,Emmery,Forrestill,eforrestill7r@google.com.hk,Male,30.121.3.18
281,Bern,Pickvance,bpickvance7s@nba.com,Male,198.12.149.43
282,Vance,Stollard,vstollard7t@bbb.org,Male,172.152.219.1
283,Octavia,Ambrose,oambrose7u@army.mil,Female,242.219.31.40
284,Edlin,Burgis,eburgis7v@bloomberg.com,Male,186.45.200.199
285,Christian,Skowcraft,cskowcraft7w@topsy.com,Male,124.87.236.81
286,Collen,Leggan,cleggan7x@furl.net,Female,128.50.124.164
287,Hallsy,Hunnam,hhunnam7y@hp.com,Male,157.239.52.67
288,Ronald,Ayrton,rayrton7z@freewebs.com,Male,248.91.172.43
289,Garold,Beevens,gbeevens80@miitbeian.gov.cn,Male,56.162.230.205
290,Lilia,Kacheler,lkacheler81@gnu.org,Female,145.102.244.56
291,Baryram,Sturzaker,bsturzaker82@blogspot.com,Male,201.152.228.13
292,Ludovika,Boden,lboden83@angelfire.com,Female,143.179.242.225
293,Fidel,Preon,fpreon84@fc2.com,Male,120.218.213.173
294,Glyn,Gabbett,ggabbett85@usa.gov,Male,29.215.19.186
295,Thia,Ginnane,tginnane86@360.cn,Female,53.77.132.160
296,Willey,Janczyk,wjanczyk87@oaic.gov.au,Male,97.148.128.74
297,Ashby,Albion,aalbion88@comcast.net,Genderfluid,138.151.3.254
298,Dorthy,Pentlow,dpentlow89@pbs.org,Agender,184.158.111.16
299,Lurline,Jewster,ljewster8a@google.co.uk,Female,92.197.16.41
300,Homere,Hammelberg,hhammelberg8b@usa.gov,Male,206.209.81.20
301,Lawrence,Gouth,lgouth8c@pinterest.com,Male,195.56.49.179
302,Dorree,Pavy,dpavy8d@wikipedia.org,Non-binary,50.2.160.51
303,Benedicta,Sherrock,bsherrock8e@bbb.org,Female,144.246.213.11
304,Kat,Knifton,kknifton8f@tiny.cc,Female,218.243.255.153
305,Wendi,Heggie,wheggie8g@tuttocitta.it,Female,95.113.245.111
306,Janey,McTerry,jmcterry8h@gov.uk,Female,155.20.141.32
307,Jorie,Avard,javard8i@ftc.gov,Female,142.87.58.174
308,Smitty,Gainsborough,sgainsborough8j@google.co.jp,Male,56.13.236.254
309,Baryram,Duell,bduell8k@cdbaby.com,Male,2.50.198.47
310,Aubry,Bewsy,abewsy8l@liveinternet.ru,Female,47.2.164.103
311,Emelia,Salmond,esalmond8m@unc.edu,Genderqueer,116.13.84.19
312,Alia,Dubbin,adubbin8n@digg.com,Female,11.76.131.83
313,Lewes,Geard,lgeard8o@nature.com,Male,252.78.164.59
314,Rowan,Alebrooke,ralebrooke8p@usatoday.com,Male,231.122.187.53
315,Caria,Turbard,cturbard8q@tinyurl.com,Female,169.137.172.222
316,Morgen,Bedwell,mbedwell8r@constantcontact.com,Male,87.24.197.244
317,Kissee,Newband,knewband8s@usatoday.com,Female,238.17.22.125
318,Gene,Barcroft,gbarcroft8t@army.mil,Male,236.1.1.219
319,Dixie,Skip,dskip8u@tmall.com,Agender,206.252.106.8
320,Adam,Blachford,ablachford8v@stanford.edu,Agender,128.67.224.30
321,Kim,Beadell,kbeadell8w@chronoengine.com,Female,132.183.80.123
322,Bernete,Regardsoe,bregardsoe8x@senate.gov,Female,46.30.29.135
323,Zsazsa,Folbig,zfolbig8y@multiply.com,Female,199.11.70.147
324,Arleyne,Spancock,aspancock8z@youtu.be,Female,158.203.222.147
325,Albina,Djekovic,adjekovic90@toplist.cz,Female,211.127.32.229
326,Allegra,Kersaw,akersaw91@shop-pro.jp,Female,247.9.247.101
327,Hadria,Doleman,hdoleman92@merriam-webster.com,Female,31.54.249.55
328,Roby,Qusklay,rqusklay93@sciencedaily.com,Female,250.148.126.206
329,Inigo,Ellam,iellam94@google.ru,Male,185.174.224.244
330,Dion,Manford,dmanford95@tripod.com,Female,137.135.144.155
331,Krishna,Geck,kgeck96@cdc.gov,Male,144.47.95.28
332,Ludovika,MacParland,lmacparland97@go.com,Female,68.179.56.158
333,Mayne,Sturm,msturm98@google.co.jp,Male,44.47.198.38
334,Dorotea,Chamberlen,dchamberlen99@economist.com,Genderfluid,138.166.195.134
335,Melisent,Bravington,mbravington9a@cornell.edu,Female,124.107.239.165
336,Kirsten,Purkins,kpurkins9b@rakuten.co.jp,Female,64.99.22.217
337,Cloris,Westrip,cwestrip9c@phoca.cz,Female,21.111.149.97
338,Zonnya,Wallbridge,zwallbridge9d@newsvine.com,Female,233.241.171.207
339,Shepperd,Varty,svarty9e@github.io,Male,53.29.32.219
340,Yolanthe,Dillestone,ydillestone9f@com.com,Female,16.170.116.86
341,Inesita,Tregidga,itregidga9g@google.co.uk,Female,27.184.57.244
342,Carmina,Couth,ccouth9h@prweb.com,Female,29.213.61.169
343,Noel,Bedow,nbedow9i@clickbank.net,Male,175.237.198.210
344,Alvis,Woolard,awoolard9j@gravatar.com,Male,109.147.133.43
345,Sergio,Elgee,selgee9k@istockphoto.com,Male,245.201.102.44
346,Lou,Sanbrook,lsanbrook9l@usatoday.com,Male,242.64.98.209
347,Aili,Hullett,ahullett9m@cloudflare.com,Female,217.122.35.117
348,Chlo,Wasson,cwasson9n@ucla.edu,Female,109.93.88.70
349,Miriam,Cuffley,mcuffley9o@cargocollective.com,Female,249.212.63.161
350,Concettina,Trittam,ctrittam9p@1688.com,Genderqueer,199.41.229.75
351,Ivonne,Curragh,icurragh9q@whitehouse.gov,Female,82.47.84.147
352,Alidia,Hairs,ahairs9r@live.com,Bigender,234.25.143.58
353,Boyce,Perrie,bperrie9s@dropbox.com,Male,121.24.84.91
354,Jocko,Santarelli,jsantarelli9t@cmu.edu,Male,21.79.19.88
355,Evangelina,Daudray,edaudray9u@cnbc.com,Female,182.137.184.212
356,Amitie,Week,aweek9v@feedburner.com,Female,78.213.171.136
357,Martino,Elden,melden9w@msn.com,Male,53.204.68.196
358,Dolorita,Ivashin,divashin9x@stanford.edu,Female,98.127.247.239
359,Nobie,Gloy,ngloy9y@zdnet.com,Agender,229.161.25.30
360,Kleon,Timms,ktimms9z@ezinearticles.com,Male,172.66.96.49
361,Maureen,Teeney,mteeneya0@newyorker.com,Female,246.221.61.188
362,Elton,Brazel,ebrazela1@marketwatch.com,Male,94.240.44.191
363,Georgie,Clutram,gclutrama2@google.de,Female,199.205.143.178
364,Randi,McCusker,rmccuskera3@flavors.me,Male,130.246.139.224
365,Lydie,Sweetsur,lsweetsura4@slate.com,Female,143.112.120.124
366,Portie,Garlette,pgarlettea5@zdnet.com,Male,166.189.64.87
367,Pooh,Shurrocks,pshurrocksa6@mozilla.com,Female,101.34.121.12
368,Ashla,Medlin,amedlina7@netscape.com,Female,148.135.88.220
369,Berny,Grosvenor,bgrosvenora8@walmart.com,Genderqueer,220.169.139.115
370,Boyce,Ruddiforth,bruddifortha9@indiegogo.com,Male,204.110.30.1
371,Daria,Freezor,dfreezoraa@mit.edu,Female,16.70.100.184
372,Gustie,Brandassi,gbrandassiab@oracle.com,Female,59.142.194.156
373,Nettie,Whall,nwhallac@businessweek.com,Female,72.55.136.211
374,Alonzo,Mumbey,amumbeyad@gov.uk,Male,108.0.126.153
375,Ollie,Robardley,orobardleyae@php.net,Male,246.18.43.183
376,Kore,Brickhill,kbrickhillaf@home.pl,Female,158.189.71.19
377,Tandi,Wain,twainag@example.com,Female,142.182.240.147
378,Inna,Brittain,ibrittainah@wordpress.com,Female,149.59.200.139
379,Taite,Linnitt,tlinnittai@tmall.com,Male,252.112.22.150
380,Cosimo,Rosas,crosasaj@tripadvisor.com,Male,115.122.198.95
381,Willyt,Matushenko,wmatushenkoak@mediafire.com,Female,1.78.218.125
382,Evin,Putnam,eputnamal@hatena.ne.jp,Male,177.96.245.131
383,Darcy,Cockhill,dcockhillam@gmpg.org,Female,167.224.108.202
384,Yorgos,Ossenna,yossennaan@wp.com,Male,28.8.136.193
385,Henry,Preston,hprestonao@sogou.com,Male,191.173.75.21
386,Tiler,Moulding,tmouldingap@nationalgeographic.com,Male,120.145.49.168
387,Chevalier,Garton,cgartonaq@wiley.com,Male,136.45.181.82
388,Eugine,Foulds,efouldsar@umich.edu,Female,225.30.38.68
389,Filide,Sisey,fsiseyas@gov.uk,Female,163.212.60.155
390,Lissie,Claesens,lclaesensat@unesco.org,Genderqueer,74.225.37.182
391,Revkah,Magowan,rmagowanau@europa.eu,Female,172.194.201.129
392,Halley,Bottrill,hbottrillav@bizjournals.com,Agender,65.62.213.35
393,Maude,Prydie,mprydieaw@upenn.edu,Female,104.144.40.73
394,Wallas,Pereira,wpereiraax@t-online.de,Male,235.68.82.207
395,Tamera,Han,thanay@nifty.com,Female,172.152.45.80
396,Juditha,Truckell,jtruckellaz@diigo.com,Female,220.3.7.194
397,Tonya,Campanelle,tcampanelleb0@themeforest.net,Female,254.105.92.44
398,Eartha,Faye,efayeb1@telegraph.co.uk,Female,169.37.45.88
399,Garrick,Arkcoll,garkcollb2@g.co,Male,89.251.89.150
400,Audrie,Reckless,arecklessb3@theguardian.com,Female,10.12.186.217
401,Jonie,Matteau,jmatteaub4@studiopress.com,Female,31.157.219.127
402,Kizzie,Culham,kculhamb5@si.edu,Female,238.182.165.99
403,Orelie,Moyer,omoyerb6@epa.gov,Female,150.240.152.69
404,Augy,Carnson,acarnsonb7@nydailynews.com,Male,31.71.241.237
405,Nicolle,Bourbon,nbourbonb8@tripod.com,Female,124.230.164.125
406,Misti,Garard,mgarardb9@bizjournals.com,Female,20.98.159.231
407,Hilly,McCrudden,hmccruddenba@house.gov,Male,77.235.110.159
408,Austin,Stryde,astrydebb@altervista.org,Female,237.122.46.154
409,Colleen,Shird,cshirdbc@creativecommons.org,Female,164.96.12.52
410,Lucian,Duxbarry,lduxbarrybd@umich.edu,Male,68.194.227.124
411,Margot,Crellim,mcrellimbe@wp.com,Female,225.177.88.61
412,Donia,Graddon,dgraddonbf@mysql.com,Female,117.228.25.210
413,Donovan,Slane,dslanebg@comsenz.com,Male,162.137.62.127
414,Carol,Jakucewicz,cjakucewiczbh@tripod.com,Female,243.238.242.120
415,Sheila-kathryn,MacDunleavy,smacdunleavybi@usa.gov,Female,251.182.82.194
416,Lila,Demetr,ldemetrbj@histats.com,Female,39.38.124.112
417,Shari,Poskitt,sposkittbk@pbs.org,Female,4.217.7.213
418,Astra,Birchwood,abirchwoodbl@cargocollective.com,Female,206.119.179.145
419,Omero,Greystoke,ogreystokebm@phoca.cz,Male,81.207.77.39
420,Sim,Corstorphine,scorstorphinebn@shop-pro.jp,Male,229.205.74.163
421,Teddy,Shobrook,tshobrookbo@reddit.com,Female,249.207.217.24
422,Bennie,Fargie,bfargiebp@engadget.com,Male,38.1.250.122
423,Mendel,Barwise,mbarwisebq@topsy.com,Genderqueer,102.69.83.128
424,Jess,Benns,jbennsbr@youtube.com,Male,98.157.0.142
425,Arv,Stickells,astickellsbs@comsenz.com,Male,193.239.138.66
426,Tina,Rue,truebt@tinyurl.com,Female,162.141.14.24
427,Annetta,Wilbud,awilbudbu@fastcompany.com,Female,55.162.148.153
428,Lari,Courson,lcoursonbv@rambler.ru,Female,131.231.8.157
429,Blake,Cicccitti,bcicccittibw@columbia.edu,Female,104.168.127.137
430,Renate,While,rwhilebx@google.it,Female,93.177.212.189
431,Sharlene,Yu,syuby@intel.com,Female,4.154.24.158
432,Nanon,Lendon,nlendonbz@comcast.net,Female,206.140.182.16
433,Etty,Keave,ekeavec0@google.pl,Female,120.99.106.200
434,Ilaire,Symcock,isymcockc1@nsw.gov.au,Male,88.10.185.190
435,Leslie,Justice,ljusticec2@etsy.com,Male,233.13.59.17
436,Mechelle,Batchan,mbatchanc3@thetimes.co.uk,Female,132.77.194.244
437,Hersch,Bartosik,hbartosikc4@msn.com,Male,70.13.254.148
438,Madelon,Demcik,mdemcikc5@woothemes.com,Genderfluid,45.155.209.24
439,Benny,Reubens,breubensc6@walmart.com,Male,125.70.94.134
440,Van,Gundry,vgundryc7@disqus.com,Male,155.131.246.99
441,Otis,Niece,oniecec8@blogs.com,Male,8.170.13.49
442,Brianna,Scemp,bscempc9@hibu.com,Female,6.251.17.2
443,Madelle,Cotgrave,mcotgraveca@va.gov,Female,109.205.170.225
444,Aurora,Wilby,awilbycb@feedburner.com,Polygender,131.244.57.53
445,Dedra,O Sullivan,dosullivancc@tumblr.com,Female,18.182.78.92
446,Peder,Mendonca,pmendoncacd@slashdot.org,Male,121.110.94.181
447,Pandora,Tomczak,ptomczakce@mapy.cz,Female,117.115.218.207
448,Sebastian,Dandie,sdandiecf@chronoengine.com,Male,200.239.69.68
449,Meridel,Macieja,mmaciejacg@rediff.com,Female,111.207.111.218
450,Winne,Trice,wtricech@ox.ac.uk,Polygender,252.21.131.207
451,Ellery,Kornacki,ekornackici@e-recht24.de,Bigender,135.148.194.102
452,Benedict,Peteri,bpetericj@squidoo.com,Male,41.60.99.227
453,Frances,Cecchi,fcecchick@senate.gov,Non-binary,113.150.245.98
454,Windham,Harmston,wharmstoncl@nasa.gov,Male,91.127.219.113
455,Laurie,Swafield,lswafieldcm@mlb.com,Male,244.180.227.60
456,Emmaline,McIlveen,emcilveencn@eepurl.com,Genderfluid,165.38.153.24
457,Noland,Gajownik,ngajownikco@amazon.com,Male,213.59.65.21
458,Ibrahim,Preator,ipreatorcp@dot.gov,Male,130.181.58.236
459,Donelle,Shurville,dshurvillecq@merriam-webster.com,Female,96.218.198.241
460,Chlo,Bury,cburycr@joomla.org,Female,0.250.23.191
461,Trevor,Mullord,tmullordcs@epa.gov,Male,78.101.243.137
462,Darelle,Magee,dmageect@walmart.com,Female,138.234.145.11
463,Michaela,MacAnelley,mmacanelleycu@vk.com,Female,220.184.166.200
464,Pace,Finnemore,pfinnemorecv@moonfruit.com,Male,120.140.105.106
465,Frederic,McCrann,fmccranncw@usgs.gov,Male,207.107.75.7
466,Deeann,Taylerson,dtaylersoncx@soundcloud.com,Female,135.54.105.127
467,Rudyard,Bloomfield,rbloomfieldcy@odnoklassniki.ru,Male,176.146.181.183
468,Candie,Follitt,cfollittcz@msu.edu,Female,159.40.80.201
469,Perle,Lammerich,plammerichd0@google.ca,Female,84.0.234.229
470,Paloma,Burkert,pburkertd1@pinterest.com,Female,147.39.207.160
471,Baillie,Roof,broofd2@businessweek.com,Male,203.210.133.223
472,Thia,Levesley,tlevesleyd3@123-reg.co.uk,Female,46.160.201.2
473,Findlay,Hagergham,fhagerghamd4@java.com,Male,216.196.184.174
474,Leupold,Ramard,lramardd5@discuz.net,Male,58.19.62.8
475,Allard,Darton,adartond6@state.gov,Male,204.141.46.89
476,Blair,Hawksley,bhawksleyd7@ameblo.jp,Female,148.228.74.46
477,Rafi,Deevey,rdeeveyd8@phpbb.com,Male,52.233.156.212
478,Donal,Faloon,dfaloond9@tmall.com,Bigender,109.169.128.148
479,Cristiano,Muxworthy,cmuxworthyda@boston.com,Male,205.36.39.118
480,Viva,Tomasian,vtomasiandb@youku.com,Female,202.188.24.59
481,Mufinella,Wauchope,mwauchopedc@photobucket.com,Female,129.184.178.195
482,Sumner,Shattock,sshattockdd@wufoo.com,Male,245.239.27.118
483,Lyndsey,Malam,lmalamde@merriam-webster.com,Genderfluid,250.228.42.133
484,Edee,Culbert,eculbertdf@google.it,Female,219.117.196.240
485,Kelcy,Williscroft,kwilliscroftdg@free.fr,Female,158.1.218.230
486,Ivor,Couth,icouthdh@wikimedia.org,Male,119.248.146.83
487,Cleve,Chipp,cchippdi@kickstarter.com,Male,144.155.14.116
488,Ferdie,Guyer,fguyerdj@chronoengine.com,Male,32.162.229.161
489,Babara,Luker,blukerdk@skype.com,Female,222.33.169.170
490,Frannie,Bilyard,fbilyarddl@lulu.com,Male,60.17.107.193
491,Clareta,Thorrold,cthorrolddm@qq.com,Female,112.213.86.81
492,Marchall,Blake,mblakedn@goo.gl,Male,64.123.130.137
493,Hymie,Yankeev,hyankeevdo@mayoclinic.com,Male,140.135.173.130
494,Anastasie,Stammirs,astammirsdp@hexun.com,Female,155.55.70.26
495,Kristoffer,Pickrell,kpickrelldq@redcross.org,Genderqueer,156.186.107.76
496,Pattie,Strippel,pstrippeldr@mapquest.com,Male,205.110.148.90
497,Mal,McWhirter,mmcwhirterds@g.co,Male,25.53.132.113
498,Georgine,Davidesco,gdavidescodt@alibaba.com,Female,83.55.27.96
499,Vaughn,Cornau,vcornaudu@mapquest.com,Male,50.44.140.152
500,Rikki,Attwill,rattwilldv@blog.com,Female,5.178.77.85
501,Artemis,Timny,atimnydw@prlog.org,Male,50.214.202.108
502,Bamby,Puller,bpullerdx@vinaora.com,Female,202.58.87.172
503,Adrianne,Nelles,anellesdy@skype.com,Female,227.169.186.65
504,Robb,Baudino,rbaudinodz@xinhuanet.com,Male,99.253.64.94
505,Welby,Hauck,whaucke0@gnu.org,Male,203.230.8.7
506,Logan,Orry,lorrye1@accuweather.com,Agender,151.116.95.36
507,Ame,Renbold,arenbolde2@pinterest.com,Female,2.149.150.203
508,Cordelie,Jerrome,cjerromee3@phpbb.com,Female,140.121.32.116
509,Jerri,Sawood,jsawoode4@bbc.co.uk,Male,18.22.40.37
510,Boris,Sessuns,bsessunse5@instagram.com,Male,182.29.167.207
511,Marja,Minchindon,mminchindone6@webmd.com,Female,101.164.164.216
512,Glynn,Hucquart,ghucquarte7@shutterfly.com,Male,203.174.64.120
513,Maire,Wartnaby,mwartnabye8@economist.com,Female,14.127.47.229
514,Hansiain,Simonsen,hsimonsene9@netlog.com,Male,94.71.176.4
515,Meghan,Elijahu,melijahuea@cam.ac.uk,Female,81.141.203.171
516,Douglas,Deery,ddeeryeb@php.net,Male,58.171.134.176
517,Tallulah,Matussov,tmatussovec@globo.com,Female,132.181.101.156
518,Cosmo,Treadway,ctreadwayed@technorati.com,Male,125.36.6.84
519,Merralee,Drinan,mdrinanee@nba.com,Non-binary,83.189.106.97
520,Ardella,Boggers,aboggersef@instagram.com,Female,173.160.170.225
521,Kellyann,Rouge,krougeeg@is.gd,Genderqueer,207.9.182.148
522,Merwyn,Pudan,mpudaneh@rediff.com,Male,198.41.63.252
523,Ede,Crowder,ecrowderei@dell.com,Female,94.69.220.147
524,Erl,Vassel,evasselej@yellowpages.com,Male,19.179.80.52
525,Edy,Le febre,elefebreek@homestead.com,Female,141.208.31.205
526,Northrup,MacIlraith,nmacilraithel@homestead.com,Polygender,196.85.140.218
527,Jecho,Stickles,jsticklesem@technorati.com,Male,13.232.152.76
528,Shellysheldon,Glastonbury,sglastonburyen@shop-pro.jp,Male,50.15.113.200
529,Darnall,Fleet,dfleeteo@moonfruit.com,Male,244.222.55.247
530,Gilbertina,Savile,gsavileep@usa.gov,Female,105.246.239.36
531,Raphael,Mazonowicz,rmazonowiczeq@pbs.org,Male,154.135.143.72
532,Clemente,Lozano,clozanoer@networksolutions.com,Male,232.175.27.51
533,Elana,Boncoeur,eboncoeures@icq.com,Female,33.128.52.14
534,Egor,Kiggel,ekiggelet@independent.co.uk,Male,77.34.22.56
535,Glynn,Toffanini,gtoffaninieu@icq.com,Male,4.7.247.227
536,Elora,Benley,ebenleyev@indiegogo.com,Female,206.9.241.154
537,Sylvan,Kmieciak,skmieciakew@qq.com,Male,43.53.91.147
538,Millisent,Gumbley,mgumbleyex@t-online.de,Female,155.129.247.228
539,Costa,Reuble,creubleey@oakley.com,Agender,231.105.209.145
540,Marietta,Staten,mstatenez@icq.com,Bigender,224.71.139.53
541,Gage,Trimby,gtrimbyf0@shop-pro.jp,Male,185.175.162.143
542,Joli,Gritland,jgritlandf1@webnode.com,Female,85.48.12.97
543,Lise,Berecloth,lbereclothf2@npr.org,Female,209.130.104.98
544,Henry,Woolard,hwoolardf3@vkontakte.ru,Male,35.78.224.162
545,Kyle,Redfield,kredfieldf4@flickr.com,Male,83.149.221.104
546,Grier,Perse,gpersef5@nih.gov,Female,175.67.177.87
547,Peterus,O'Deegan,podeeganf6@wikipedia.org,Non-binary,232.178.114.84
548,Gus,Snowding,gsnowdingf7@bigcartel.com,Female,24.102.221.1
549,Gae,Toyer,gtoyerf8@nbcnews.com,Female,152.249.160.30
550,Beverly,Pentony,bpentonyf9@washingtonpost.com,Genderqueer,57.132.85.58
551,Rand,Raddan,rraddanfa@cocolog-nifty.com,Non-binary,4.154.103.63
552,Bank,Atto,battofb@amazon.co.jp,Male,3.59.11.144
553,Douglass,Garshore,dgarshorefc@miitbeian.gov.cn,Male,13.59.174.38
554,Gladi,Tourner,gtournerfd@joomla.org,Female,115.118.76.231
555,Justus,Tarbard,jtarbardfe@mashable.com,Male,2.117.92.168
556,Ivette,Rozenzweig,irozenzweigff@pinterest.com,Female,113.84.61.19
557,Felice,Cadalleder,fcadallederfg@abc.net.au,Male,247.146.109.107
558,Filbert,Grovier,fgrovierfh@de.vu,Male,132.216.209.61
559,Reuben,Guidera,rguiderafi@patch.com,Male,137.253.65.91
560,Tab,Dron,tdronfj@who.int,Male,227.57.150.28
561,Layton,McCaughan,lmccaughanfk@technorati.com,Male,254.40.246.159
562,Tye,Shinton,tshintonfl@smh.com.au,Male,28.214.201.246
563,Sidonia,Embery,semberyfm@canalblog.com,Non-binary,162.121.204.30
564,Giffer,Jeffry,gjeffryfn@is.gd,Male,135.96.60.207
565,Hendrik,Conelly,hconellyfo@cnbc.com,Male,36.9.164.39
566,Sumner,Dufall,sdufallfp@si.edu,Male,70.127.42.145
567,Terza,Limeburn,tlimeburnfq@php.net,Genderqueer,223.225.39.183
568,Blinni,McCreadie,bmccreadiefr@networkadvertising.org,Female,140.62.96.6
569,Neda,Grombridge,ngrombridgefs@utexas.edu,Genderfluid,195.126.48.235
570,Keenan,Lyfield,klyfieldft@studiopress.com,Male,185.100.56.153
571,Hunt,Attawell,hattawellfu@acquirethisname.com,Male,116.193.169.201
572,Christoffer,Petasch,cpetaschfv@mlb.com,Genderfluid,142.187.251.170
573,Auria,Betun,abetunfw@tumblr.com,Polygender,100.50.207.7
574,Nefen,Stickney,nstickneyfx@wikipedia.org,Non-binary,68.57.232.191
575,Lazaro,Cooksley,lcooksleyfy@simplemachines.org,Male,121.130.222.106
576,Benny,Nettleship,bnettleshipfz@fastcompany.com,Male,28.149.231.195
577,Gabie,Bowring,gbowringg0@simplemachines.org,Female,144.55.221.71
578,Kayne,Brocklebank,kbrocklebankg1@elegantthemes.com,Male,244.39.247.45
579,Kenneth,Cotterill,kcotterillg2@posterous.com,Male,70.153.135.35
580,Turner,Blondelle,tblondelleg3@ibm.com,Male,14.227.183.177
581,Hillie,Wolver,hwolverg4@linkedin.com,Male,251.202.60.197
582,Krystyna,Brissenden,kbrissendeng5@pagesperso-orange.fr,Female,244.96.58.128
583,Ranice,Atwel,ratwelg6@ameblo.jp,Female,42.152.63.123
584,Jorry,Scouse,jscouseg7@addthis.com,Female,33.22.181.210
585,Marshall,Reisk,mreiskg8@google.com,Male,201.152.59.96
586,Constantine,Tapping,ctappingg9@homestead.com,Female,245.21.233.6
587,Hubert,Kilpatrick,hkilpatrickga@cpanel.net,Male,214.222.189.59
588,Meris,Lippitt,mlippittgb@merriam-webster.com,Female,50.123.151.50
589,Quint,Skupinski,qskupinskigc@cpanel.net,Agender,94.188.102.214
590,Vevay,Ruperti,vrupertigd@cbc.ca,Female,178.165.184.76
591,Verla,Bamlett,vbamlettge@theguardian.com,Female,19.27.28.76
592,Tailor,Manolov,tmanolovgf@redcross.org,Male,34.189.178.110
593,Sari,Deignan,sdeignangg@bbc.co.uk,Female,255.176.194.102
594,Gretta,Summerson,gsummersongh@mtv.com,Female,211.248.99.234
595,Kristofor,Swannell,kswannellgi@phpbb.com,Male,71.197.230.106
596,Toinette,Gobourn,tgobourngj@ted.com,Female,86.196.110.101
597,Lorie,Sulman,lsulmangk@stanford.edu,Female,9.97.23.21
598,Kerrie,Corston,kcorstongl@guardian.co.uk,Female,121.60.153.126
599,Ardith,O'Lennachain,aolennachaingm@tripadvisor.com,Female,143.7.124.89
600,Paco,MacCart,pmaccartgn@independent.co.uk,Male,158.104.132.107
601,Edvard,Fryd,efrydgo@gizmodo.com,Male,66.172.174.127
602,Ingemar,Wellen,iwellengp@nih.gov,Male,58.64.201.45
603,Lydie,Muggach,lmuggachgq@earthlink.net,Female,227.106.161.124
604,Ophelia,Rosendahl,orosendahlgr@wikia.com,Female,251.109.82.180
605,Boote,Sagrott,bsagrottgs@cdbaby.com,Male,197.178.246.29
606,Bartel,Reynish,breynishgt@oracle.com,Male,218.1.33.5
607,Rudiger,Starmore,rstarmoregu@tinypic.com,Male,35.137.128.99
608,Kally,McKoy,kmckoygv@nba.com,Female,117.149.128.91
609,Steffane,Gluyas,sgluyasgw@berkeley.edu,Female,136.157.156.154
610,Benjamen,Smallpiece,bsmallpiecegx@desdev.cn,Male,62.15.92.153
611,Karalee,Copins,kcopinsgy@cnet.com,Genderfluid,49.137.202.239
612,Odilia,Lathey,olatheygz@mac.com,Female,136.89.249.80
613,Gian,Limming,glimmingh0@tiny.cc,Male,84.122.108.197
614,Towney,Erie,terieh1@shop-pro.jp,Male,252.162.2.97
615,Loralee,Dury,lduryh2@bloglovin.com,Genderqueer,115.19.65.205
616,Alvie,Fandrey,afandreyh3@eepurl.com,Male,148.224.22.53
617,Shane,Leyland,sleylandh4@ucoz.com,Female,253.177.241.77
618,Dyanna,Wyleman,dwylemanh5@answers.com,Female,51.199.4.236
619,Kingston,Sickert,ksickerth6@howstuffworks.com,Male,43.157.139.77
620,Henrik,Triggs,htriggsh7@facebook.com,Male,147.240.65.174
621,Abbye,Ostridge,aostridgeh8@ted.com,Female,187.201.138.56
622,Myer,Luckcuck,mluckcuckh9@ehow.com,Male,103.50.94.50
623,Cy,Beyn,cbeynha@wisc.edu,Male,91.225.20.186
624,Faye,Astling,fastlinghb@blogspot.com,Female,200.75.239.111
625,Paxon,Lewin,plewinhc@g.co,Male,11.42.202.34
626,Damien,Ells,dellshd@free.fr,Male,90.98.254.185
627,Reynard,Haile,rhailehe@rakuten.co.jp,Male,69.37.99.198
628,Christian,Sivewright,csivewrighthf@yahoo.co.jp,Female,37.35.72.74
629,Roley,Lucey,rluceyhg@hatena.ne.jp,Male,29.238.254.212
630,Robena,Bernholt,rbernholthh@answers.com,Female,49.190.238.58
631,Cissiee,Towell,ctowellhi@jiathis.com,Female,88.80.59.123
632,Bessie,Melville,bmelvillehj@dyndns.org,Female,72.117.54.28
633,Richmond,Hucknall,rhucknallhk@umich.edu,Male,212.243.186.205
634,Griffie,July,gjulyhl@myspace.com,Agender,192.229.243.89
635,Andree,Trude,atrudehm@shop-pro.jp,Non-binary,226.242.246.154
636,Kippie,Kester,kkesterhn@infoseek.co.jp,Female,203.64.97.223
637,Arlana,Naptin,anaptinho@wufoo.com,Genderqueer,111.133.28.239
638,Omar,Lindenman,olindenmanhp@creativecommons.org,Male,250.217.100.81
639,Addy,Furman,afurmanhq@quantcast.com,Genderfluid,64.37.81.137
640,Clemmy,Doudny,cdoudnyhr@geocities.com,Agender,211.222.240.44
641,Doralyn,Broster,dbrosterhs@google.ru,Female,119.87.116.63
642,Annissa,Pinxton,apinxtonht@independent.co.uk,Female,86.153.24.141
643,Eb,Bastie,ebastiehu@yellowbook.com,Male,148.59.203.146
644,Hilda,Sterricks,hsterrickshv@java.com,Female,75.108.137.173
645,Augustine,Monshall,amonshallhw@macromedia.com,Male,170.220.182.106
646,Victor,Le Sieur,vlesieurhx@tripod.com,Genderqueer,63.156.181.35
647,Barnard,Goracci,bgoraccihy@google.de,Male,151.247.37.54
648,Allen,Dunne,adunnehz@cnbc.com,Male,229.101.156.189
649,Clarine,Cantera,ccanterai0@apache.org,Genderqueer,115.248.155.96
650,Jehu,Broome,jbroomei1@soundcloud.com,Male,254.22.101.177
651,Eloise,Liversidge,eliversidgei2@1688.com,Female,84.162.43.80
652,Davis,Meriguet,dmerigueti3@spotify.com,Male,26.192.116.209
653,Sophi,Dyde,sdydei4@icq.com,Female,177.111.173.220
654,Anselm,Greensall,agreensalli5@toplist.cz,Male,219.175.240.208
655,Teriann,Meechan,tmeechani6@salon.com,Female,242.136.64.121
656,Alvera,Fudge,afudgei7@blogtalkradio.com,Female,24.218.189.139
657,Torre,Sloane,tsloanei8@ihg.com,Male,38.184.8.143
658,Anna,Vasishchev,avasishchevi9@psu.edu,Female,108.217.149.67
659,Tim,Dargavel,tdargavelia@quantcast.com,Female,201.6.188.128
660,Odey,Tite,otiteib@paginegialle.it,Male,150.42.1.182
661,Lauree,Kemp,lkempic@dmoz.org,Female,206.128.237.91
662,Gilberta,Philot,gphilotid@patch.com,Female,249.138.2.205
663,Boniface,Hargate,bhargateie@smugmug.com,Male,229.189.174.197
664,Creight,Kubicek,ckubicekif@prweb.com,Male,15.111.143.222
665,Reeva,Temporal,rtemporalig@npr.org,Female,24.237.28.45
666,Nowell,Billsberry,nbillsberryih@craigslist.org,Male,152.178.60.65
667,Philippa,Astin,pastinii@canalblog.com,Female,176.199.94.198
668,Fredelia,Clemintoni,fclemintoniij@macromedia.com,Female,115.100.253.126
669,Ferd,Reade,freadeik@usa.gov,Male,4.204.148.217
670,Audie,Hindrick,ahindrickil@cocolog-nifty.com,Female,173.234.71.204
671,Merrel,Gannan,mgannanim@nature.com,Male,26.65.77.101
672,Markus,Dominighi,mdominighiin@fotki.com,Male,15.160.15.152
673,Maud,Cheeld,mcheeldio@prweb.com,Female,99.116.162.240
674,Benni,Wreford,bwrefordip@discovery.com,Agender,176.177.155.104
675,Dillie,Kirkham,dkirkhamiq@sogou.com,Male,115.158.13.84
676,Robbert,Schapiro,rschapiroir@elegantthemes.com,Male,50.37.108.100
677,Garth,Fewless,gfewlessis@ucla.edu,Male,73.66.182.190
678,Renie,Chiplen,rchiplenit@google.com.hk,Female,114.56.172.168
679,Kiel,Caffin,kcaffiniu@admin.ch,Male,159.178.24.181
680,Waverley,Bettridge,wbettridgeiv@phpbb.com,Male,64.181.173.148
681,Joshuah,Cobby,jcobbyiw@wiley.com,Male,229.99.200.195
682,Donnie,Eastabrook,deastabrookix@google.es,Bigender,228.153.114.95
683,Kimberlyn,Capun,kcapuniy@w3.org,Female,173.35.9.55
684,Ruy,Agge,raggeiz@tinypic.com,Male,41.253.171.85
685,Ogden,Toderbrugge,otoderbruggej0@theatlantic.com,Male,225.49.119.160
686,Angelo,Rowbury,arowburyj1@ask.com,Male,55.186.236.200
687,Amabelle,Linkin,alinkinj2@slideshare.net,Female,166.171.192.43
688,Felix,Casa,fcasaj3@sitemeter.com,Male,93.213.61.124
689,Dominick,Thomazin,dthomazinj4@discuz.net,Male,209.7.161.100
690,Kristel,Macconaghy,kmacconaghyj5@wordpress.com,Female,90.149.143.118
691,Thor,Janway,tjanwayj6@adobe.com,Male,62.231.136.106
692,Shalom,Boxell,sboxellj7@wordpress.org,Male,21.87.163.228
693,Felicio,Dominec,fdominecj8@over-blog.com,Male,139.239.78.51
694,Elwyn,Trood,etroodj9@naver.com,Male,24.185.152.213
695,Danila,Ceresa,dceresaja@china.com.cn,Female,14.139.10.76
696,Delmar,Storror,dstorrorjb@indiatimes.com,Male,206.168.139.1
697,Juieta,Chastan,jchastanjc@hatena.ne.jp,Non-binary,105.75.129.73
698,Maison,Brinkley,mbrinkleyjd@nba.com,Male,91.53.12.83
699,Tabbitha,Ludmann,tludmannje@blogspot.com,Female,177.2.82.162
700,Arlin,Nockells,anockellsjf@yale.edu,Male,247.160.147.205
701,Carline,Heathcote,cheathcotejg@webeden.co.uk,Agender,117.30.122.226
702,Arlina,Nattriss,anattrissjh@ebay.co.uk,Genderfluid,192.182.171.75
703,Cad,MacCostye,cmaccostyeji@vkontakte.ru,Male,251.57.79.212
704,Danit,Ordish,dordishjj@opera.com,Female,228.117.121.37
705,Torrence,Caulton,tcaultonjk@jugem.jp,Male,246.107.215.134
706,Aggie,Odegaard,aodegaardjl@pen.io,Female,216.150.81.252
707,Jeniece,Dumphy,jdumphyjm@vk.com,Female,218.13.244.115
708,Normand,Dargie,ndargiejn@1688.com,Male,212.230.131.214
709,Tanny,Grzeszczyk,tgrzeszczykjo@cnet.com,Male,211.250.17.94
710,Rockie,Wylie,rwyliejp@webmd.com,Male,122.88.144.242
711,Ruby,Bradock,rbradockjq@reuters.com,Male,102.109.1.205
712,Bette-ann,Sill,bsilljr@list-manage.com,Female,176.0.110.153
713,Gordon,Dressel,gdresseljs@free.fr,Male,234.124.138.182
714,Nalani,Gregore,ngregorejt@deliciousdays.com,Female,216.173.31.42
715,Cosetta,Scutter,cscutterju@odnoklassniki.ru,Female,103.50.10.199
716,Iain,Bodiam,ibodiamjv@usnews.com,Male,110.70.89.37
717,Damiano,Tame,dtamejw@bizjournals.com,Male,239.215.117.5
718,Guthrey,Luther,glutherjx@cloudflare.com,Agender,94.82.195.7
719,Yard,Mulhill,ymulhilljy@multiply.com,Male,64.202.216.110
720,Thibaud,Bussey,tbusseyjz@skype.com,Male,145.253.147.71
721,Dionis,Crosio,dcrosiok0@google.ca,Female,173.188.216.247
722,Munmro,Pfaff,mpfaffk1@altervista.org,Male,115.27.217.81
723,Slade,Cockin,scockink2@tiny.cc,Male,224.234.137.19
724,Yurik,Smart,ysmartk3@spotify.com,Male,86.181.185.153
725,Orland,Jorio,ojoriok4@aol.com,Male,65.158.182.228
726,Danell,Hunton,dhuntonk5@hp.com,Female,130.161.90.234
727,Lind,Simner,lsimnerk6@scribd.com,Genderqueer,107.18.97.93
728,Cathrin,Cruess,ccruessk7@wordpress.com,Female,111.115.144.40
729,Amalia,Pochon,apochonk8@buzzfeed.com,Female,25.54.15.102
730,Aguste,Darthe,adarthek9@google.es,Male,187.93.195.150
731,Brenna,Speak,bspeakka@ameblo.jp,Female,6.98.186.52
732,Ida,Witchell,iwitchellkb@google.co.jp,Female,219.204.175.207
733,Shurlock,Karoly,skarolykc@cornell.edu,Male,137.219.40.104
734,Lezley,Steer,lsteerkd@storify.com,Male,235.161.127.3
735,Lynnet,Sieb,lsiebke@dropbox.com,Female,133.75.123.10
736,Marion,Dorney,mdorneykf@ehow.com,Non-binary,216.199.238.22
737,Morna,McAlinden,mmcalindenkg@flavors.me,Female,53.129.194.27
738,Dimitri,MacCleay,dmaccleaykh@whitehouse.gov,Male,253.247.101.53
739,Chickie,Gooddy,cgooddyki@biglobe.ne.jp,Male,173.26.79.177
740,Ginnifer,Mortimer,gmortimerkj@yahoo.co.jp,Female,23.33.111.134
741,Barbra,Macrae,bmacraekk@themeforest.net,Female,151.5.65.244
742,Pacorro,Matteacci,pmatteaccikl@domainmarket.com,Male,130.41.141.97
743,Scarlet,Snalham,ssnalhamkm@cornell.edu,Female,151.56.135.176
744,Blisse,Boise,bboisekn@freewebs.com,Female,52.74.139.63
745,Melisande,Stollberg,mstollbergko@comsenz.com,Female,222.188.188.138
746,Tabor,Nicolls,tnicollskp@seesaa.net,Male,194.107.7.101
747,Agnese,Pawlicki,apawlickikq@wikimedia.org,Female,102.187.124.220
748,Tore,Fehely,tfehelykr@parallels.com,Male,46.141.188.10
749,Konstanze,Bogue,kbogueks@people.com.cn,Female,117.122.23.105
750,Alister,Sodor,asodorkt@soundcloud.com,Male,250.251.130.182
751,Morlee,Penniall,mpenniallku@nhs.uk,Male,71.65.176.38
752,Camey,Penhaligon,cpenhaligonkv@engadget.com,Male,121.237.161.159
753,Daffie,Rainsden,drainsdenkw@addthis.com,Female,18.200.39.119
754,Candis,Paddle,cpaddlekx@chicagotribune.com,Female,107.2.85.68
755,Dene,Turnock,dturnockky@prlog.org,Male,188.49.225.174
756,Hallsy,Beales,hbealeskz@timesonline.co.uk,Male,154.166.189.71
757,Marion,Arnowitz,marnowitzl0@bandcamp.com,Male,253.55.123.79
758,Kirby,Gowing,kgowingl1@constantcontact.com,Female,225.185.235.4
759,Gaultiero,Rosenstiel,grosenstiell2@bravesites.com,Male,94.164.113.128
760,Royce,Oxbe,roxbel3@nih.gov,Male,5.151.15.126
761,Jim,Hancell,jhancelll4@studiopress.com,Male,12.241.42.14
762,Charmian,Congreave,ccongreavel5@people.com.cn,Female,229.181.42.243
763,Allayne,Bolduc,abolducl6@mit.edu,Male,195.186.108.53
764,Louise,Standell,lstandelll7@unc.edu,Female,12.147.18.17
765,Rurik,Faircley,rfaircleyl8@berkeley.edu,Male,187.42.142.77
766,Patrice,Gilders,pgildersl9@goo.gl,Male,173.189.100.146
767,Levey,MacKibbon,lmackibbonla@blog.com,Male,115.142.255.90
768,Courtnay,Saiz,csaizlb@youku.com,Male,127.226.198.115
769,Cloris,Cranton,ccrantonlc@cnbc.com,Female,91.212.212.115
770,Matti,Kynoch,mkynochld@dell.com,Female,186.193.105.128
771,Anatol,Clail,aclaille@ihg.com,Male,62.114.33.138
772,Jackquelin,Isaaksohn,jisaaksohnlf@wikia.com,Female,5.26.189.208
773,Ingar,Rojel,irojellg@wordpress.com,Male,209.252.99.11
774,Robyn,Howat,rhowatlh@pcworld.com,Female,74.238.196.151
775,Dorey,Limbourne,dlimbourneli@shareasale.com,Male,153.124.216.154
776,Lenee,Vasyutichev,lvasyutichevlj@sbwire.com,Female,231.125.58.93
777,Mendel,Worgan,mworganlk@wsj.com,Male,46.218.159.69
778,Ardelle,Abramowsky,aabramowskyll@cnn.com,Female,28.93.128.76
779,Harlie,Helleker,hhellekerlm@stanford.edu,Female,166.26.178.70
780,Ayn,Shyram,ashyramln@fema.gov,Female,24.49.254.141
781,Ronnie,Caltun,rcaltunlo@cornell.edu,Female,252.247.99.188
782,Marta,Bartles,mbartleslp@netvibes.com,Female,162.251.230.123
783,Mozes,Abeles,mabeleslq@prlog.org,Male,57.119.130.188
784,Sukey,Renol,srenollr@prnewswire.com,Genderfluid,209.131.174.76
785,Rickie,Beharrell,rbeharrellls@tamu.edu,Male,227.95.39.248
786,Sheelagh,Anselmi,sanselmilt@umn.edu,Female,60.223.216.146
787,Pris,Gook,pgooklu@bloglines.com,Non-binary,67.178.211.146
788,Tyler,Stanman,tstanmanlv@ftc.gov,Male,103.70.186.62
789,Collete,Getcliffe,cgetcliffelw@skype.com,Female,200.93.105.26
790,Gretal,Stopp,gstopplx@netlog.com,Female,148.249.237.127
791,Darren,Trenouth,dtrenouthly@freewebs.com,Non-binary,62.71.114.228
792,Lorinda,Embling,lemblinglz@wsj.com,Female,230.176.26.186
793,Lucilia,Menhenitt,lmenhenittm0@quantcast.com,Female,106.31.68.243
794,Yehudi,Rutley,yrutleym1@ovh.net,Male,17.128.194.128
795,Gertrude,Weippert,gweippertm2@technorati.com,Female,209.145.141.107
796,Neville,Fost,nfostm3@ocn.ne.jp,Male,115.146.247.132
797,Eydie,Dawdry,edawdrym4@spotify.com,Female,205.243.241.59
798,Malchy,Swancock,mswancockm5@stumbleupon.com,Male,84.121.224.152
799,Ulises,McLernon,umclernonm6@dailymail.co.uk,Male,59.187.130.68
800,Jedediah,Mebs,jmebsm7@pagesperso-orange.fr,Male,94.228.72.222
801,Nikolaos,Oattes,noattesm8@wikimedia.org,Male,238.106.224.227
802,Algernon,Aronov,aaronovm9@ask.com,Male,59.32.176.239
803,Filippo,Huish,fhuishma@networkadvertising.org,Male,201.121.113.31
804,Adelle,O' Connell,aoconnellmb@bluehost.com,Female,238.233.163.147
805,Catie,Ord,cordmc@odnoklassniki.ru,Female,15.104.46.246
806,Elaina,Pauluzzi,epauluzzimd@wsj.com,Female,121.142.48.19
807,Kayley,Clawsley,kclawsleyme@cnet.com,Female,69.18.223.243
808,Leora,Saltwell,lsaltwellmf@ustream.tv,Female,194.72.234.159
809,Sileas,Gerler,sgerlermg@paypal.com,Female,88.121.99.236
810,Marigold,Dumbrall,mdumbrallmh@diigo.com,Female,54.10.156.234
811,Jorrie,Crimp,jcrimpmi@nbcnews.com,Agender,62.149.211.118
812,Norton,Pinnocke,npinnockemj@un.org,Male,60.164.183.34
813,Gardiner,Gimblet,ggimbletmk@canalblog.com,Male,107.157.71.167
814,Niki,Gooke,ngookeml@patch.com,Male,33.155.96.117
815,Cecil,McAuslan,cmcauslanmm@businesswire.com,Female,251.81.111.237
816,Randie,Piggot,rpiggotmn@aboutads.info,Polygender,115.227.62.228
817,Melisenda,Yapp,myappmo@ed.gov,Female,68.116.68.228
818,Shannan,Haberjam,shaberjammp@businesswire.com,Male,234.190.215.84
819,Werner,Kindleysides,wkindleysidesmq@hatena.ne.jp,Male,169.170.154.74
820,Justin,Stubbley,jstubbleymr@goodreads.com,Male,136.3.132.100
821,Bone,Hoolaghan,bhoolaghanms@flavors.me,Male,206.44.147.100
822,Agnes,Schirak,aschirakmt@unc.edu,Female,116.34.2.213
823,Claudie,Bullas,cbullasmu@netvibes.com,Female,231.89.77.207
824,Fayette,McKelvie,fmckelviemv@opensource.org,Female,83.165.102.37
825,Anallese,Rawnsley,arawnsleymw@stumbleupon.com,Female,223.217.220.17
826,Kaspar,Kennsley,kkennsleymx@odnoklassniki.ru,Male,68.117.185.158
827,Kip,Walling,kwallingmy@symantec.com,Polygender,222.98.127.41
828,Adelaide,Colam,acolammz@thetimes.co.uk,Female,21.37.248.77
829,Dyane,Haselwood,dhaselwoodn0@github.io,Female,11.26.226.219
830,Guillermo,Klimkiewich,gklimkiewichn1@census.gov,Male,33.209.206.125
831,Amelia,Oades,aoadesn2@last.fm,Female,150.183.139.173
832,Chaddy,Jerams,cjeramsn3@nih.gov,Non-binary,172.66.71.57
833,Agace,Grimley,agrimleyn4@ocn.ne.jp,Female,55.92.14.111
834,Nellie,Bellow,nbellown5@smugmug.com,Genderfluid,203.18.176.239
835,Kristopher,Holbury,kholburyn6@hostgator.com,Genderfluid,23.221.107.110
836,Randal,O'Fihily,rofihilyn7@booking.com,Male,170.193.55.29
837,Neddie,Brackpool,nbrackpooln8@mail.ru,Genderqueer,57.123.40.47
838,Gustavus,Pedder,gpeddern9@ca.gov,Agender,232.234.129.196
839,Gaspard,Bilbee,gbilbeena@lycos.com,Male,75.101.74.11
840,Dickie,Sisland,dsislandnb@ted.com,Male,114.42.106.129
841,Glyn,Royste,groystenc@cbc.ca,Agender,109.250.22.86
842,Nye,Petit,npetitnd@csmonitor.com,Male,18.178.70.217
843,Adam,Dobie,adobiene@jigsy.com,Male,24.103.214.193
844,Carola,Commucci,ccommuccinf@aboutads.info,Bigender,32.177.219.233
845,Wheeler,Vigurs,wvigursng@irs.gov,Male,40.1.242.234
846,Danella,Rein,dreinnh@economist.com,Female,142.106.42.174
847,Nehemiah,Wawer,nwawerni@spiegel.de,Male,217.97.104.218
848,Rouvin,Winman,rwinmannj@hubpages.com,Male,178.117.158.143
849,Augustine,Lidbetter,alidbetternk@bluehost.com,Male,38.97.147.4
850,Tracey,Reyne,treynenl@google.co.uk,Female,181.221.169.215
851,Kelcey,Vearncombe,kvearncombenm@smh.com.au,Female,120.65.82.139
852,Gareth,Rauprich,grauprichnn@ebay.co.uk,Male,150.237.3.4
853,Johnathan,Lashbrook,jlashbrookno@hhs.gov,Male,152.8.68.79
854,Esteban,Gutsell,egutsellnp@nyu.edu,Polygender,51.197.13.46
855,Virgilio,Prendeville,vprendevillenq@devhub.com,Male,190.242.249.233
856,Zack,Yuryatin,zyuryatinnr@vk.com,Male,50.200.156.25
857,Iain,Klimmek,iklimmekns@newsvine.com,Male,173.218.86.7
858,Sofia,Torrisi,storrisint@delicious.com,Female,4.247.198.24
859,Carmelina,Jerche,cjerchenu@elegantthemes.com,Female,157.229.23.238
860,Forrester,Warcup,fwarcupnv@ucla.edu,Polygender,16.179.232.79
861,Ugo,Indruch,uindruchnw@microsoft.com,Male,130.96.32.209
862,Peyter,Licquorish,plicquorishnx@typepad.com,Male,242.254.174.83
863,Hall,Yuryshev,hyuryshevny@umn.edu,Male,42.49.218.163
864,Mead,Haresnaip,mharesnaipnz@cpanel.net,Male,229.62.229.73
865,Julianna,McMechan,jmcmechano0@github.io,Female,45.91.46.52
866,Norton,Mungane,nmunganeo1@intel.com,Male,20.50.66.25
867,Ricoriki,Peek,rpeeko2@ucsd.edu,Male,243.63.197.103
868,Alayne,Loosley,aloosleyo3@mlb.com,Female,90.15.253.200
869,Aguste,Grimwad,agrimwado4@myspace.com,Male,21.178.141.29
870,Tessie,Ingall,tingallo5@state.tx.us,Female,36.211.151.182
871,Janela,Palke,jpalkeo6@dion.ne.jp,Female,25.184.226.94
872,Mahalia,Leonards,mleonardso7@eepurl.com,Female,161.195.157.136
873,Lind,Goodings,lgoodingso8@google.nl,Bigender,208.25.52.15
874,Dagmar,Hardie,dhardieo9@wisc.edu,Female,215.44.188.112
875,Lottie,Blofield,lblofieldoa@thetimes.co.uk,Female,241.0.48.74
876,Dick,McDonnell,dmcdonnellob@comsenz.com,Male,26.23.242.70
877,Vitoria,Twinbrow,vtwinbrowoc@reuters.com,Polygender,242.132.32.91
878,Ashien,Bucham,abuchamod@infoseek.co.jp,Female,77.49.200.10
879,Leighton,Pirie,lpirieoe@utexas.edu,Male,118.178.54.76
880,Sauveur,Casebourne,scasebourneof@fda.gov,Male,207.211.220.153
881,Erika,de Mendoza,edemendozaog@state.gov,Female,13.3.186.201
882,Findlay,Vokins,fvokinsoh@list-manage.com,Male,97.232.246.59
883,Esme,Peddel,epeddeloi@soundcloud.com,Male,5.210.235.119
884,Taite,Peerless,tpeerlessoj@tiny.cc,Male,9.60.183.119
885,Eddy,Fero,eferook@dropbox.com,Female,149.43.185.163
886,Zaria,Bulleyn,zbulleynol@free.fr,Female,23.25.109.120
887,Jeana,Nockells,jnockellsom@github.com,Female,107.191.233.134
888,Marcela,Brotherick,mbrotherickon@netlog.com,Female,23.232.72.59
889,Jayne,Fosdike,jfosdikeoo@thetimes.co.uk,Female,17.38.62.44
890,Kirsteni,Caulfield,kcaulfieldop@de.vu,Female,72.130.59.104
891,Padgett,Oneal,ponealoq@is.gd,Male,144.20.149.243
892,Trumann,Lardnar,tlardnaror@addthis.com,Male,113.241.151.49
893,Federica,Laux,flauxos@myspace.com,Female,193.218.128.110
894,Beau,Michelotti,bmichelottiot@hugedomains.com,Male,219.22.142.75
895,Free,Harriskine,fharriskineou@zimbio.com,Male,193.154.149.35
896,Flss,Dyerson,fdyersonov@sphinn.com,Female,117.124.88.227
897,Galina,Hazelgrove,ghazelgroveow@salon.com,Female,178.204.93.125
898,Oates,Dyer,odyerox@admin.ch,Male,133.31.250.158
899,Dacie,Clemson,dclemsonoy@sakura.ne.jp,Female,177.55.246.32
900,Randy,Chinnock,rchinnockoz@t.co,Male,247.140.249.72
901,Walker,Arnald,warnaldp0@princeton.edu,Male,244.38.69.43
902,D'arcy,Toope,dtoopep1@ustream.tv,Male,151.152.144.141
903,Margette,Oleksinski,moleksinskip2@chron.com,Female,184.154.253.198
904,Neal,Taborre,ntaborrep3@jugem.jp,Male,189.246.174.63
905,Myrwyn,Hewins,mhewinsp4@redcross.org,Male,189.249.178.11
906,Yank,Stearnes,ystearnesp5@alexa.com,Male,185.144.164.74
907,Reagan,Shiel,rshielp6@google.it,Male,55.184.55.78
908,Jeff,Tefft,jtefftp7@blinklist.com,Male,134.196.189.32
909,Polly,Tolefree,ptolefreep8@vimeo.com,Female,199.73.29.80
910,Meir,Chese,mchesep9@vkontakte.ru,Male,62.23.7.247
911,Benjamen,Andrick,bandrickpa@rediff.com,Male,109.6.199.202
912,Jobina,Stoodale,jstoodalepb@hhs.gov,Female,4.141.70.195
913,Worden,Cliff,wcliffpc@pinterest.com,Male,167.64.215.42
914,Nadya,Friedenbach,nfriedenbachpd@uol.com.br,Female,38.63.99.247
915,Gypsy,Jacqueminet,gjacqueminetpe@theguardian.com,Female,255.168.32.36
916,Herby,Gullam,hgullampf@un.org,Male,235.164.142.24
917,Chelsea,Labbett,clabbettpg@canalblog.com,Female,128.55.242.219
918,Mendel,Perch,mperchph@amazonaws.com,Male,79.196.141.38
919,Adriane,Krugmann,akrugmannpi@weebly.com,Polygender,33.180.168.143
920,Sandie,Kernocke,skernockepj@360.cn,Female,109.222.105.78
921,Moll,Bennoe,mbennoepk@wsj.com,Female,240.236.204.170
922,Esdras,Womack,ewomackpl@ucoz.ru,Male,27.149.133.22
923,Joelly,Domotor,jdomotorpm@amazonaws.com,Female,148.188.25.222
924,Clive,Bergen,cbergenpn@state.gov,Male,230.95.23.67
925,Shepperd,Sprey,sspreypo@so-net.ne.jp,Male,241.167.20.161
926,Emelen,Boness,ebonesspp@mapy.cz,Male,214.85.46.154
927,Kelila,Wilcinskis,kwilcinskispq@google.nl,Female,254.0.234.250
928,Tadd,Stormes,tstormespr@pbs.org,Male,217.224.150.139
929,Isidore,Siveyer,isiveyerps@hhs.gov,Male,241.176.83.48
930,Lion,Brant,lbrantpt@simplemachines.org,Male,17.229.30.242
931,Ware,Bleazard,wbleazardpu@answers.com,Male,211.117.111.188
932,Tadeas,Marquis,tmarquispv@amazonaws.com,Male,28.240.72.19
933,Esme,Cruces,ecrucespw@bloomberg.com,Male,203.185.109.189
934,Briggs,Brayshaw,bbrayshawpx@elpais.com,Male,128.13.180.114
935,Rakel,Coultas,rcoultaspy@eepurl.com,Female,138.127.4.29
936,Homer,Frenchum,hfrenchumpz@360.cn,Male,193.149.202.35
937,Sibyl,Giraldo,sgiraldoq0@desdev.cn,Male,250.55.177.46
938,Vanessa,Valentim,vvalentimq1@example.com,Female,68.140.140.115
939,Carlin,Berzon,cberzonq2@smh.com.au,Bigender,151.128.59.28
940,Helli,Tripett,htripettq3@alibaba.com,Female,164.234.107.33
941,Lennie,Shawley,lshawleyq4@usnews.com,Male,9.190.226.184
942,Rorke,Felkin,rfelkinq5@buzzfeed.com,Male,111.184.88.109
943,Shayne,Haney,shaneyq6@meetup.com,Male,190.63.220.11
944,Lawry,Pearch,lpearchq7@themeforest.net,Male,111.149.51.208
945,Michelle,Shotton,mshottonq8@sbwire.com,Female,131.230.151.67
946,Whitaker,Speed,wspeedq9@jimdo.com,Male,67.183.119.132
947,Sybilla,MacKeller,smackellerqa@4shared.com,Female,123.218.40.57
948,Odette,Goff,ogoffqb@amazon.com,Female,31.13.170.239
949,Rosalind,Padillo,rpadilloqc@amazonaws.com,Female,156.143.231.89
950,Lila,Beldon,lbeldonqd@economist.com,Female,45.83.110.14
951,Dominique,Beeching,dbeechingqe@bigcartel.com,Male,27.26.10.165
952,Audre,Reimers,areimersqf@eventbrite.com,Female,168.251.126.21
953,Nataline,McDonald,nmcdonaldqg@wix.com,Female,21.161.123.0
954,Ira,Varnam,ivarnamqh@list-manage.com,Male,37.178.29.92
955,Dianemarie,Kempshall,dkempshallqi@cornell.edu,Female,131.78.188.164
956,Annie,Benbrick,abenbrickqj@answers.com,Female,243.73.59.25
957,Archy,Bedson,abedsonqk@reddit.com,Male,0.160.172.100
958,Cosmo,St. Queintain,cstqueintainql@webnode.com,Male,108.234.32.37
959,Lilly,Smallpeace,lsmallpeaceqm@dmoz.org,Genderfluid,50.148.130.74
960,Elisha,Fishlock,efishlockqn@un.org,Male,246.30.175.209
961,Jewelle,Neathway,jneathwayqo@wordpress.org,Female,58.11.243.38
962,Charmane,Halpeine,chalpeineqp@soup.io,Agender,223.24.157.185
963,Felicdad,Kach,fkachqq@mapquest.com,Female,66.254.247.98
964,Shayne,Volks,svolksqr@mlb.com,Male,101.95.164.74
965,Steward,Joscelyne,sjoscelyneqs@time.com,Male,91.231.177.179
966,Mariette,Arblaster,marblasterqt@altervista.org,Female,9.246.16.35
967,Ash,Vuitton,avuittonqu@google.co.uk,Male,180.176.14.34
968,Lavinie,Stailey,lstaileyqv@answers.com,Female,15.227.87.129
969,Osbourn,Dangerfield,odangerfieldqw@cloudflare.com,Male,27.54.40.101
970,Cordy,Fearn,cfearnqx@stumbleupon.com,Female,233.105.166.97
971,Shalom,Wybern,swybernqy@oracle.com,Male,98.191.12.244
972,Stanford,Scinelli,sscinelliqz@ted.com,Male,20.111.82.117
973,Zebulen,Whiteford,zwhitefordr0@ucoz.com,Male,174.226.138.39
974,Clareta,Shambroke,cshambroker1@telegraph.co.uk,Female,60.235.70.82
975,Nalani,Park,nparkr2@patch.com,Female,7.62.23.10
976,Cosetta,Behrendsen,cbehrendsenr3@cpanel.net,Female,201.111.62.110
977,Phoebe,Mathie,pmathier4@gmpg.org,Female,100.177.154.71
978,Arnoldo,Carlet,acarletr5@netscape.com,Male,224.119.140.14
979,Jordon,Peteri,jpeterir6@sun.com,Male,229.38.177.248
980,Ricardo,Dorkins,rdorkinsr7@cloudflare.com,Male,106.104.239.119
981,Gerard,Tregonna,gtregonnar8@t-online.de,Male,153.101.52.217
982,Thomasin,Barriball,tbarriballr9@springer.com,Non-binary,126.149.133.26
983,Brew,Demaid,bdemaidra@princeton.edu,Male,213.24.235.73
984,Leonard,Soulsby,lsoulsbyrb@army.mil,Male,248.213.27.91
985,Ernestine,Rosenfield,erosenfieldrc@hhs.gov,Female,140.77.33.187
986,Nicola,Kanter,nkanterrd@sina.com.cn,Male,171.63.123.20
987,Otes,Beeden,obeedenre@wisc.edu,Male,65.106.196.164
988,Hamlen,Frankcom,hfrankcomrf@g.co,Male,7.217.5.81
989,Rosie,Tunny,rtunnyrg@princeton.edu,Polygender,19.171.198.19
990,Chryste,Tallis,ctallisrh@smugmug.com,Female,246.111.225.244
991,Fredrika,Knagges,fknaggesri@google.de,Female,194.227.49.236
992,Thacher,Wythe,twytherj@army.mil,Male,233.52.196.132
993,Adeline,Hincham,ahinchamrk@skyrock.com,Female,6.76.205.95
994,Hewet,Casel,hcaselrl@posterous.com,Male,137.74.209.230
995,Bridie,Margrett,bmargrettrm@furl.net,Female,60.2.99.17
996,Gillian,Diggin,gdigginrn@so-net.ne.jp,Genderfluid,179.7.96.173
997,Romeo,Besant,rbesantro@mysql.com,Male,187.45.120.93
998,Hayley,Pickthall,hpickthallrp@cbc.ca,Female,213.0.91.144
999,Say,Coase,scoaserq@elpais.com,Male,228.133.28.127
1000,Hans,Mityukov,hmityukovrr@berkeley.edu,Male,160.14.179.144
